dbGENVOC search result,,,,,,,,,,,,,,,,,,,,,,
DBID,Gene,Entrez gene id,Disease,Chrom,Start,End,Genome change,UCSC Browser,cDNA change,Codon change,Protein change,Variant class,Variant type,Referrence Allele,Tumor Allele,dbSNP ID,Sample id,Annotation transcript,Transcript strand,Transcript exon,Transcript position,Reference
esm9940,FAT1,2195,OSCC_GB,chr4,187628023,187628023,g.chr4:187628023G>A,chr4:187628023-187628023,c.2959C>T,c.(2959-2961)Cag>Tag,p.Q987*,Nonsense_Mutation,SNP,G,A,-,NIBMG-W904-GB,ENST00000441802.2,-,2,3168,NIBMG
esm9705,FAT1,2195,OSCC_GB,chr4,187627867,187627867,g.chr4:187627867C>A,chr4:187627867-187627867,c.3115G>T,c.(3115-3117)Gaa>Taa,p.E1039*,Nonsense_Mutation,SNP,C,A,-,NIBMG-V479-GB,ENST00000441802.2,-,2,3324,NIBMG
esm9576,TP53,7157,OSCC_GB,chr17,7578260,7578260,g.chr17:7578260C>T,chr17:7578260-7578260,c.589G>A,c.(589-591)Gtg>Atg,p.V197M,Missense_Mutation,SNP,C,T,-,NIBMG-V479-GB,ENST00000269305.4,-,6,778,NIBMG
esm9358,TP53,7157,OSCC_GB,chr17,7578205,7578205,g.chr17:7578205C>A,chr17:7578205-7578205,c.644G>T,c.(643-645)aGt>aTt,p.S215I,Missense_Mutation,SNP,C,A,rs587782177,NIBMG-F316-GB,ENST00000269305.4,-,6,833,NIBMG
esm18603,NOTCH1,4851,OSCC_GB,chr9,139407931,139407931,g.chr9:139407931C>T,chr9:139407931-139407931,c.2266G>A,c.(2266-2268)Gag>Aag,p.E756K,Missense_Mutation,SNP,C,T,rs587778559,NIBMG-P453-GB,ENST00000277541.6,-,14,2341,NIBMG
esm18555,TP53,7157,OSCC_GB,chr17,7578275,7578275,g.chr17:7578275G>A,chr17:7578275-7578275,c.574C>T,c.(574-576)Cag>Tag,p.Q192*,Nonsense_Mutation,SNP,G,A,-,NIBMG-P453-GB,ENST00000269305.4,-,6,763,NIBMG
esm18437,NOTCH1,4851,OSCC_GB,chr9,139393636,139393636,g.chr9:139393636G>A,chr9:139393636-139393636,c.6010C>T,c.(6010-6012)Cgc>Tgc,p.R2004C,Missense_Mutation,SNP,G,A,-,NIBMG-M411-GB,ENST00000277541.6,-,32,6085,NIBMG
esm18408,TP53,7157,OSCC_GB,chr17,7578212,7578212,g.chr17:7578212G>A,chr17:7578212-7578212,c.637C>T,c.(637-639)Cga>Tga,p.R213*,Nonsense_Mutation,SNP,G,A,rs397516436,NIBMG-M411-GB,ENST00000269305.4,-,6,826,NIBMG
esm18361,TP53,7157,OSCC_GB,chr17,7578406,7578406,g.chr17:7578406C>T,chr17:7578406-7578406,c.524G>A,c.(523-525)cGc>cAc,p.R175H,Missense_Mutation,SNP,C,T,rs28934578,NIBMG-T640-GB,ENST00000269305.4,-,5,713,NIBMG
esm18323,FAT1,2195,OSCC_GB,chr4,187628071,187628071,g.chr4:187628071C>A,chr4:187628071-187628071,c.2911G>T,c.(2911-2913)Gaa>Taa,p.E971*,Nonsense_Mutation,SNP,C,A,-,NIBMG-K245-GB,ENST00000441802.2,-,2,3120,NIBMG
esm18322,FAT1,2195,OSCC_GB,chr4,187539071,187539071,g.chr4:187539071G>C,chr4:187539071-187539071,c.8669C>G,c.(8668-8670)tCa>tGa,p.S2890*,Nonsense_Mutation,SNP,G,C,-,NIBMG-K245-GB,ENST00000441802.2,-,10,8878,NIBMG
esm18312,TP53,7157,OSCC_GB,chr17,7574003,7574003,g.chr17:7574003G>A,chr17:7574003-7574003,c.1024C>T,c.(1024-1026)Cga>Tga,p.R342*,Nonsense_Mutation,SNP,G,A,-,NIBMG-K245-GB,ENST00000269305.4,-,10,1213,NIBMG
esm18311,TP53,7157,OSCC_GB,chr17,7573976,7573976,g.chr17:7573976T>A,chr17:7573976-7573976,c.1051A>T,c.(1051-1053)Aag>Tag,p.K351*,Nonsense_Mutation,SNP,T,A,rs141402957,NIBMG-K245-GB,ENST00000269305.4,-,10,1240,NIBMG
esm18235,TP53,7157,OSCC_GB,chr17,7578212,7578212,g.chr17:7578212G>A,chr17:7578212-7578212,c.637C>T,c.(637-639)Cga>Tga,p.R213*,Nonsense_Mutation,SNP,G,A,rs397516436,NIBMG-P214-GB,ENST00000269305.4,-,6,826,NIBMG
esm18234,TP53,7157,OSCC_GB,chr17,7574003,7574003,g.chr17:7574003G>A,chr17:7574003-7574003,c.1024C>T,c.(1024-1026)Cga>Tga,p.R342*,Nonsense_Mutation,SNP,G,A,-,NIBMG-P214-GB,ENST00000269305.4,-,10,1213,NIBMG
esm18201,FAT1,2195,OSCC_GB,chr4,187629884,187629897,g.chr4:187629884_187629897delCTTGACTGGCCCGG,chr4:187629884-187629897,c.1085_1098delCCGGGCCAGTCAAG,c.(1084-1098)gccgggccagtcaagfs,p.AGPVK362fs,Frame_Shift_Del,DEL,CTTGACTGGCCCGG,-,rs531890135|rs11722204|rs200888325|rs373642708|rs367778562,NIBMG-M104-GB,ENST00000441802.2,-,2,1294_1307,NIBMG
esm18182,FAT1,2195,OSCC_GB,chr4,187554893,187554893,g.chr4:187554893G>C,chr4:187554893-187554893,c.4268C>G,c.(4267-4269)tCa>tGa,p.S1423*,Nonsense_Mutation,SNP,G,C,-,NIBMG-M104-GB,ENST00000441802.2,-,7,4477,NIBMG
esm18167,TP53,7157,OSCC_GB,chr17,7577538,7577538,g.chr17:7577538C>T,chr17:7577538-7577538,c.743G>A,c.(742-744)cGg>cAg,p.R248Q,Missense_Mutation,SNP,C,T,rs11540652,NIBMG-M104-GB,ENST00000269305.4,-,7,932,NIBMG
esm18088,TP53,7157,OSCC_GB,chr17,7577575,7577575,g.chr17:7577575A>G,chr17:7577575-7577575,c.706T>C,c.(706-708)Tac>Cac,p.Y236H,Missense_Mutation,SNP,A,G,rs587782289,NIBMG-W357-GB,ENST00000269305.4,-,7,895,NIBMG
esm18012,TP53,7157,OSCC_GB,chr17,7578253,7578253,g.chr17:7578253C>A,chr17:7578253-7578253,c.596G>T,c.(595-597)gGa>gTa,p.G199V,Missense_Mutation,SNP,C,A,-,NIBMG-C788-GB,ENST00000269305.4,-,6,785,NIBMG
esm17911,TP53,7157,OSCC_GB,chr17,7577082,7577082,g.chr17:7577082C>T,chr17:7577082-7577082,c.856G>A,c.(856-858)Gaa>Aaa,p.E286K,Missense_Mutation,SNP,C,T,-,NIBMG-F693-GB,ENST00000269305.4,-,8,1045,NIBMG
esm17869,TP53,7157,OSCC_GB,chr17,7578485,7578485,g.chr17:7578485delA,chr17:7578485-7578485,c.445delT,c.(445-447)tccfs,p.S149fs,Frame_Shift_Del,DEL,A,-,-,NIBMG-T190-GB,ENST00000269305.4,-,5,634,NIBMG
esm17713,FAT1,2195,OSCC_GB,chr4,187525623,187525623,g.chr4:187525623C>A,chr4:187525623-187525623,c.10456G>T,c.(10456-10458)Gag>Tag,p.E3486*,Nonsense_Mutation,SNP,C,A,-,NIBMG-A369-GB,ENST00000441802.2,-,18,10665,NIBMG
esm17688,TP53,7157,OSCC_GB,chr17,7574003,7574003,g.chr17:7574003G>A,chr17:7574003-7574003,c.1024C>T,c.(1024-1026)Cga>Tga,p.R342*,Nonsense_Mutation,SNP,G,A,-,NIBMG-A369-GB,ENST00000269305.4,-,10,1213,NIBMG
esm17651,TP53,7157,OSCC_GB,chr17,7578235,7578251,g.chr17:7578235_7578251delTACTCCACACGCAAATT,chr17:7578235-7578251,c.598_614delAATTTGCGTGTGGAGTA,c.(598-615)aatttgcgtgtggagtatf,p.NLRVEY200fs,Frame_Shift_Del,DEL,TACTCCACACGCAAATT,-,rs587778719|rs587780072,NIBMG-N671-GB,ENST00000269305.4,-,6,787_803,NIBMG
esm17549,TP53,7157,OSCC_GB,chr17,7577121,7577121,g.chr17:7577121G>A,chr17:7577121-7577121,c.817C>T,c.(817-819)Cgt>Tgt,p.R273C,Missense_Mutation,SNP,G,A,rs121913343,NIBMG-Z979-GB,ENST00000269305.4,-,8,1006,NIBMG
esm17513,FAT1,2195,OSCC_GB,chr4,187630895,187630896,g.chr4:187630895_187630896insTG,chr4:187630895-187630896,c.86_87insCA,c.(85-87)cagfs,p.Q29fs,Frame_Shift_Ins,INS,-,TG,-,NIBMG-G378-GB,ENST00000441802.2,-,2,295_296,NIBMG
esm17512,FAT1,2195,OSCC_GB,chr4,187540293,187540294,g.chr4:187540293_187540294insTACA,chr4:187540293-187540294,c.7446_7447insTGTA,c.(7444-7449)gtaattfs,p.I2483fs,Frame_Shift_Ins,INS,-,TACA,-,NIBMG-G378-GB,ENST00000441802.2,-,10,7655_7656,NIBMG
esm17506,NOTCH1,4851,OSCC_GB,chr9,139412330,139412330,g.chr9:139412330G>A,chr9:139412330-139412330,c.1315C>T,c.(1315-1317)Cag>Tag,p.Q439*,Nonsense_Mutation,SNP,G,A,-,NIBMG-G378-GB,ENST00000277541.6,-,8,1390,NIBMG
esm17482,TP53,7157,OSCC_GB,chr17,7578525,7578525,g.chr17:7578525G>T,chr17:7578525-7578525,c.405C>A,c.(403-405)tgC>tgA,p.C135*,Nonsense_Mutation,SNP,G,T,-,NIBMG-G378-GB,ENST00000269305.4,-,5,594,NIBMG
esm17459,FAT1,2195,OSCC_GB,chr4,187630398,187630399,g.chr4:187630398_187630399insAC,chr4:187630398-187630399,c.583_584insGT,c.(583-585)tttfs,p.F195fs,Frame_Shift_Ins,INS,-,AC,-,NIBMG-E544-GB,ENST00000441802.2,-,2,792_793,NIBMG
esm17441,FAT1,2195,OSCC_GB,chr4,187539951,187539951,g.chr4:187539951G>A,chr4:187539951-187539951,c.7789C>T,c.(7789-7791)Cga>Tga,p.R2597*,Nonsense_Mutation,SNP,G,A,-,NIBMG-E544-GB,ENST00000441802.2,-,10,7998,NIBMG
esm17429,TP53,7157,OSCC_GB,chr17,7577538,7577538,g.chr17:7577538C>T,chr17:7577538-7577538,c.743G>A,c.(742-744)cGg>cAg,p.R248Q,Missense_Mutation,SNP,C,T,rs11540652,NIBMG-E544-GB,ENST00000269305.4,-,7,932,NIBMG
esm17377,FAT1,2195,OSCC_GB,chr4,187628917,187628917,g.chr4:187628917G>A,chr4:187628917-187628917,c.2065C>T,c.(2065-2067)Cag>Tag,p.Q689*,Nonsense_Mutation,SNP,G,A,-,NIBMG-C109-GB,ENST00000441802.2,-,2,2274,NIBMG
esm17359,TP53,7157,OSCC_GB,chr17,7577120,7577120,g.chr17:7577120C>T,chr17:7577120-7577120,c.818G>A,c.(817-819)cGt>cAt,p.R273H,Missense_Mutation,SNP,C,T,rs28934576,NIBMG-C109-GB,ENST00000269305.4,-,8,1007,NIBMG
esm17331,TP53,7157,OSCC_GB,chr17,7578222,7578223,g.chr17:7578222_7578223delTC,chr17:7578222-7578223,c.626_627delGA,c.(625-627)agafs,p.R209fs,Frame_Shift_Del,DEL,TC,-,-,NIBMG-E123-GB,ENST00000269305.4,-,6,815_816,NIBMG
esm17268,TP53,7157,OSCC_GB,chr17,7579420,7579420,g.chr17:7579420delG,chr17:7579420-7579420,c.267delC,c.(265-267)cccfs,p.P89fs,Frame_Shift_Del,DEL,G,-,rs587783062,NIBMG-T319-GB,ENST00000269305.4,-,4,456,NIBMG
esm17223,TP53,7157,OSCC_GB,chr17,7579436,7579436,g.chr17:7579436G>A,chr17:7579436-7579436,c.251C>T,c.(250-252)gCc>gTc,p.A84V,Missense_Mutation,SNP,G,A,-,NIBMG-T319-GB,ENST00000269305.4,-,4,440,NIBMG
esm17198,FAT1,2195,OSCC_GB,chr4,187629914,187629915,g.chr4:187629914_187629915insGTCAC,chr4:187629914-187629915,c.1067_1068insGTGAC,c.(1066-1068)actfs,p.-356fs,Frame_Shift_Ins,INS,-,GTCAC,rs374806294,NIBMG-L997-GB,ENST00000441802.2,-,2,1276_1277,NIBMG
esm17151,TP53,7157,OSCC_GB,chr17,7577539,7577539,g.chr17:7577539G>A,chr17:7577539-7577539,c.742C>T,c.(742-744)Cgg>Tgg,p.R248W,Missense_Mutation,SNP,G,A,rs397516437|rs121912651,NIBMG-L997-GB,ENST00000269305.4,-,7,931,NIBMG
esm17002,TP53,7157,OSCC_GB,chr17,7579485,7579485,g.chr17:7579485C>A,chr17:7579485-7579485,c.202G>T,c.(202-204)Gag>Tag,p.E68*,Nonsense_Mutation,SNP,C,A,-,NIBMG-F730-GB,ENST00000269305.4,-,4,391,NIBMG
esm17001,TP53,7157,OSCC_GB,chr17,7578406,7578406,g.chr17:7578406C>T,chr17:7578406-7578406,c.524G>A,c.(523-525)cGc>cAc,p.R175H,Missense_Mutation,SNP,C,T,rs28934578,NIBMG-F730-GB,ENST00000269305.4,-,5,713,NIBMG
esm16977,TP53,7157,OSCC_GB,chr17,7578217,7578218,g.chr17:7578217_7578218insTGTTTC,chr17:7578217-7578218,c.631_632insGAAACA,c.(631-633)act>aGAAACAct,p.210_211insRN,In_Frame_Ins,INS,-,TGTTTC,-,NIBMG-T138-GB,ENST00000269305.4,-,6,820_821,NIBMG
esm16919,TP53,7157,OSCC_GB,chr17,7578457,7578457,g.chr17:7578457C>T,chr17:7578457-7578457,c.473G>A,c.(472-474)cGc>cAc,p.R158H,Missense_Mutation,SNP,C,T,rs587782144,NIBMG-T138-GB,ENST00000269305.4,-,5,662,NIBMG
esm16798,FAT1,2195,OSCC_GB,chr4,187629619,187629630,g.chr4:187629619_187629630delCTAAGACTTTCA,chr4:187629619-187629630,c.1352_1363delTGAAAGTCTTAG,c.(1351-1365)gtgaaagtcttaggt>g,p.VKVL451del,In_Frame_Del,DEL,CTAAGACTTTCA,-,rs369596981,NIBMG-V963-GB,ENST00000441802.2,-,2,1561_1572,NIBMG
esm16795,TP53,7157,OSCC_GB,chr17,7577564,7577565,g.chr17:7577564_7577565insT,chr17:7577564-7577565,c.716_717insA,c.(715-717)aacfs,p.N239fs,Frame_Shift_Ins,INS,-,T,-,NIBMG-V963-GB,ENST00000269305.4,-,7,905_906,NIBMG
esm16789,NOTCH1,4851,OSCC_GB,chr9,139409053,139409053,g.chr9:139409053C>A,chr9:139409053-139409053,c.2116G>T,c.(2116-2118)Gag>Tag,p.E706*,Nonsense_Mutation,SNP,C,A,rs368494947,NIBMG-V963-GB,ENST00000277541.6,-,13,2191,NIBMG
esm16729,TP53,7157,OSCC_GB,chr17,7578550,7578550,g.chr17:7578550G>T,chr17:7578550-7578550,c.380C>A,c.(379-381)tCc>tAc,p.S127Y,Missense_Mutation,SNP,G,T,-,NIBMG-V963-GB,ENST00000269305.4,-,5,569,NIBMG
esm16627,TP53,7157,OSCC_GB,chr17,7578275,7578275,g.chr17:7578275G>A,chr17:7578275-7578275,c.574C>T,c.(574-576)Cag>Tag,p.Q192*,Nonsense_Mutation,SNP,G,A,-,NIBMG-Z326-GB,ENST00000269305.4,-,6,763,NIBMG
esm16578,FAT1,2195,OSCC_GB,chr4,187542269,187542269,g.chr4:187542269G>T,chr4:187542269-187542269,c.5471C>A,c.(5470-5472)tCt>tAt,p.S1824Y,Missense_Mutation,SNP,G,T,-,NIBMG-Z994-GB,ENST00000441802.2,-,10,5680,NIBMG
esm16569,TP53,7157,OSCC_GB,chr17,7577539,7577539,g.chr17:7577539G>A,chr17:7577539-7577539,c.742C>T,c.(742-744)Cgg>Tgg,p.R248W,Missense_Mutation,SNP,G,A,rs397516437|rs121912651,NIBMG-Z994-GB,ENST00000269305.4,-,7,931,NIBMG
esm16179,TP53,7157,OSCC_GB,chr17,7578518,7578518,g.chr17:7578518C>T,chr17:7578518-7578518,c.412G>A,c.(412-414)Gcc>Acc,p.A138T,Missense_Mutation,SNP,C,T,rs28934875,NIBMG-J817-GB,ENST00000269305.4,-,5,601,NIBMG
esm16178,TP53,7157,OSCC_GB,chr17,7578406,7578406,g.chr17:7578406C>T,chr17:7578406-7578406,c.524G>A,c.(523-525)cGc>cAc,p.R175H,Missense_Mutation,SNP,C,T,rs28934578,NIBMG-J817-GB,ENST00000269305.4,-,5,713,NIBMG
esm16002,TP53,7157,OSCC_GB,chr17,7577099,7577099,g.chr17:7577099C>G,chr17:7577099-7577099,c.839G>C,c.(838-840)aGa>aCa,p.R280T,Missense_Mutation,SNP,C,G,rs121912660,NIBMG-U346-GB,ENST00000269305.4,-,8,1028,NIBMG
esm15860,TP53,7157,OSCC_GB,chr17,7577586,7577586,g.chr17:7577586A>C,chr17:7577586-7577586,c.695T>G,c.(694-696)aTc>aGc,p.I232S,Missense_Mutation,SNP,A,C,rs587781589,NIBMG-S501-GB,ENST00000269305.4,-,7,884,NIBMG
esm15788,TP53,7157,OSCC_GB,chr17,7577538,7577538,g.chr17:7577538C>T,chr17:7577538-7577538,c.743G>A,c.(742-744)cGg>cAg,p.R248Q,Missense_Mutation,SNP,C,T,rs11540652,NIBMG-N917-GB,ENST00000269305.4,-,7,932,NIBMG
esm15763,FAT1,2195,OSCC_GB,chr4,187540941,187540942,g.chr4:187540941_187540942insTTCA,chr4:187540941-187540942,c.6798_6799insTGAA,c.(6796-6801)gaagtafs,p.V2267fs,Frame_Shift_Ins,INS,-,TTCA,-,NIBMG-V930-GB,ENST00000441802.2,-,10,7007_7008,NIBMG
esm15749,FAT1,2195,OSCC_GB,chr4,187532621,187532621,g.chr4:187532621C>G,chr4:187532621-187532621,c.9772G>C,c.(9772-9774)Gat>Cat,p.D3258H,Missense_Mutation,SNP,C,G,-,NIBMG-V930-GB,ENST00000441802.2,-,14,9981,NIBMG
esm15748,FAT1,2195,OSCC_GB,chr4,187532573,187532573,g.chr4:187532573C>G,chr4:187532573-187532573,c.9820G>C,c.(9820-9822)Gaa>Caa,p.E3274Q,Missense_Mutation,SNP,C,G,-,NIBMG-V930-GB,ENST00000441802.2,-,14,10029,NIBMG
esm15733,TP53,7157,OSCC_GB,chr17,7578553,7578553,g.chr17:7578553T>C,chr17:7578553-7578553,c.377A>G,c.(376-378)tAc>tGc,p.Y126C,Splice_Site,SNP,T,C,-,NIBMG-V930-GB,ENST00000269305.4,-,5,566,NIBMG
esm15677,TP53,7157,OSCC_GB,chr17,7577094,7577094,g.chr17:7577094G>A,chr17:7577094-7577094,c.844C>T,c.(844-846)Cgg>Tgg,p.R282W,Missense_Mutation,SNP,G,A,rs28934574,NIBMG-K046-GB,ENST00000269305.4,-,8,1033,NIBMG
esm15604,TP53,7157,OSCC_GB,chr17,7578406,7578406,g.chr17:7578406C>T,chr17:7578406-7578406,c.524G>A,c.(523-525)cGc>cAc,p.R175H,Missense_Mutation,SNP,C,T,rs28934578,NIBMG-C151-GB,ENST00000269305.4,-,5,713,NIBMG
esm15546,TP53,7157,OSCC_GB,chr17,7578192,7578192,g.chr17:7578192delG,chr17:7578192-7578192,c.657delC,c.(655-657)cccfs,p.P219fs,Frame_Shift_Del,DEL,G,-,-,NIBMG-Z209-GB,ENST00000269305.4,-,6,846,NIBMG
esm15520,NOTCH1,4851,OSCC_GB,chr9,139438549,139438549,g.chr9:139438549G>A,chr9:139438549-139438549,c.67C>T,c.(67-69)Cga>Tga,p.R23*,Nonsense_Mutation,SNP,G,A,-,NIBMG-Q441-GB,ENST00000277541.6,-,2,142,NIBMG
esm15463,TP53,7157,OSCC_GB,chr17,7577543,7577543,g.chr17:7577543C>T,chr17:7577543-7577543,c.738G>A,c.(736-738)atG>atA,p.M246I,Missense_Mutation,SNP,C,T,rs397516437,NIBMG-Q441-GB,ENST00000269305.4,-,7,927,NIBMG
esm15364,TP53,7157,OSCC_GB,chr17,7578492,7578493,g.chr17:7578492_7578493insCA,chr17:7578492-7578493,c.437_438insTG,c.(436-438)tggfs,p.W146fs,Frame_Shift_Ins,INS,-,CA,-,NIBMG-I523-GB,ENST00000269305.4,-,5,626_627,NIBMG
esm15353,NOTCH1,4851,OSCC_GB,chr9,139393696,139393696,g.chr9:139393696G>A,chr9:139393696-139393696,c.5950C>T,c.(5950-5952)Cga>Tga,p.R1984*,Nonsense_Mutation,SNP,G,A,-,NIBMG-I523-GB,ENST00000277541.6,-,32,6025,NIBMG
esm15213,TP53,7157,OSCC_GB,chr17,7577538,7577538,g.chr17:7577538C>T,chr17:7577538-7577538,c.743G>A,c.(742-744)cGg>cAg,p.R248Q,Missense_Mutation,SNP,C,T,rs11540652,NIBMG-A836-GB,ENST00000269305.4,-,7,932,NIBMG
esm15187,NOTCH1,4851,OSCC_GB,chr9,139401760,139401760,g.chr9:139401760G>A,chr9:139401760-139401760,c.3640C>T,c.(3640-3642)Cag>Tag,p.Q1214*,Nonsense_Mutation,SNP,G,A,-,NIBMG-C277-GB,ENST00000277541.6,-,22,3715,NIBMG
esm15163,TP53,7157,OSCC_GB,chr17,7578263,7578263,g.chr17:7578263G>A,chr17:7578263-7578263,c.586C>T,c.(586-588)Cga>Tga,p.R196*,Nonsense_Mutation,SNP,G,A,rs397516435,NIBMG-C277-GB,ENST00000269305.4,-,6,775,NIBMG
esm15075,TP53,7157,OSCC_GB,chr17,7577121,7577121,g.chr17:7577121G>A,chr17:7577121-7577121,c.817C>T,c.(817-819)Cgt>Tgt,p.R273C,Missense_Mutation,SNP,G,A,rs121913343,NIBMG-D014-GB,ENST00000269305.4,-,8,1006,NIBMG
esm15017,TP53,7157,OSCC_GB,chr17,7578190,7578190,g.chr17:7578190T>C,chr17:7578190-7578190,c.659A>G,c.(658-660)tAt>tGt,p.Y220C,Missense_Mutation,SNP,T,C,rs121912666,NIBMG-X817-GB,ENST00000269305.4,-,6,848,NIBMG
esm14900,TP53,7157,OSCC_GB,chr17,7577156,7577156,g.chr17:7577156C>T,chr17:7577156-7577156,-,-,-,Splice_Site,SNP,C,T,-,NIBMG-H721-GB,ENST00000269305.4,-,8,972,NIBMG
esm14833,FAT1,2195,OSCC_GB,chr4,187549326,187549327,g.chr4:187549326_187549327insCA,chr4:187549326-187549327,c.4791_4792insTG,c.(4789-4794)gtgctgfs,p.L1598fs,Frame_Shift_Ins,INS,-,CA,-,NIBMG-R677-GB,ENST00000441802.2,-,9,5000_5001,NIBMG
esm14831,TP53,7157,OSCC_GB,chr17,7577092,7577092,g.chr17:7577092delC,chr17:7577092-7577092,c.846delG,c.(844-846)cggfs,p.R283fs,Frame_Shift_Del,DEL,C,-,-,NIBMG-R677-GB,ENST00000269305.4,-,8,1035,NIBMG
esm14676,TP53,7157,OSCC_GB,chr17,7579528,7579528,g.chr17:7579528C>T,chr17:7579528-7579528,c.159G>A,c.(157-159)tgG>tgA,p.W53*,Nonsense_Mutation,SNP,C,T,-,NIBMG-S975-GB,ENST00000269305.4,-,4,348,NIBMG
esm14519,TP53,7157,OSCC_GB,chr17,7578461,7578461,g.chr17:7578461C>A,chr17:7578461-7578461,c.469G>T,c.(469-471)Gtc>Ttc,p.V157F,Missense_Mutation,SNP,C,A,rs121912654,NIBMG-H417-GB,ENST00000269305.4,-,5,658,NIBMG
esm14470,FAT1,2195,OSCC_GB,chr4,187530469,187530469,g.chr4:187530469C>T,chr4:187530469-187530469,c.10074G>A,c.(10072-10074)atG>atA,p.M3358I,Missense_Mutation,SNP,C,T,-,NIBMG-H104-GB,ENST00000441802.2,-,16,10283,NIBMG
esm14426,NOTCH1,4851,OSCC_GB,chr9,139412744,139412744,g.chr9:139412744C>G,chr9:139412744-139412744,c.1100G>C,c.(1099-1101)gGt>gCt,p.G367A,Splice_Site,SNP,C,G,-,NIBMG-U579-GB,ENST00000277541.6,-,7,1175,NIBMG
esm14317,TP53,7157,OSCC_GB,chr17,7577565,7577565,g.chr17:7577565T>C,chr17:7577565-7577565,c.716A>G,c.(715-717)aAc>aGc,p.N239S,Missense_Mutation,SNP,T,C,-,NIBMG-I085-GB,ENST00000269305.4,-,7,905,NIBMG
esm14316,TP53,7157,OSCC_GB,chr17,7577094,7577094,g.chr17:7577094G>A,chr17:7577094-7577094,c.844C>T,c.(844-846)Cgg>Tgg,p.R282W,Missense_Mutation,SNP,G,A,rs28934574,NIBMG-I085-GB,ENST00000269305.4,-,8,1033,NIBMG
esm14288,TP53,7157,OSCC_GB,chr17,7579377,7579381,g.chr17:7579377_7579381delGGTAG,chr17:7579377-7579381,c.306_310delCTACC,c.(304-312)acctaccagfs,p.YQ103fs,Frame_Shift_Del,DEL,GGTAG,-,-,NIBMG-K586-GB,ENST00000269305.4,-,4,495_499,NIBMG
esm14258,FAT1,2195,OSCC_GB,chr4,187524687,187524687,g.chr4:187524687G>A,chr4:187524687-187524687,c.10993C>T,c.(10993-10995)Cga>Tga,p.R3665*,Nonsense_Mutation,SNP,G,A,-,NIBMG-K586-GB,ENST00000441802.2,-,19,11202,NIBMG
esm14182,TP53,7157,OSCC_GB,chr17,7577082,7577082,g.chr17:7577082C>T,chr17:7577082-7577082,c.856G>A,c.(856-858)Gaa>Aaa,p.E286K,Missense_Mutation,SNP,C,T,-,NIBMG-A543-GB,ENST00000269305.4,-,8,1045,NIBMG
esm13411,TP53,7157,OSCC_GB,chr17,7577559,7577559,g.chr17:7577559G>T,chr17:7577559-7577559,c.722C>A,c.(721-723)tCc>tAc,p.S241Y,Missense_Mutation,SNP,G,T,rs397516437|rs28934573,NIBMG-C761-GB,ENST00000269305.4,-,7,911,NIBMG
esm13410,TP53,7157,OSCC_GB,chr17,7574026,7574026,g.chr17:7574026C>A,chr17:7574026-7574026,c.1001G>T,c.(1000-1002)gGg>gTg,p.G334V,Missense_Mutation,SNP,C,A,-,NIBMG-C761-GB,ENST00000269305.4,-,10,1190,NIBMG
esm13217,BRCA2,675,OSCC_GB,chr13,32944557,32944557,g.chr13:32944557C>T,chr13:32944557-32944557,c.8350C>T,c.(8350-8352)Cgg>Tgg,p.R2784W,Missense_Mutation,SNP,C,T,rs80359075,NIBMG-C761-GB,ENST00000380152.3,+,19,8583,NIBMG
esm13216,BRCA2,675,OSCC_GB,chr13,32910626,32910626,g.chr13:32910626C>T,chr13:32910626-32910626,c.2134C>T,c.(2134-2136)Ctg>Ttg,p.L712L,Silent,SNP,C,T,-,NIBMG-C761-GB,ENST00000380152.3,+,11,2367,NIBMG
esm12823,TP53,7157,OSCC_GB,chr17,7578247,7578247,g.chr17:7578247delA,chr17:7578247-7578247,c.602delT,c.(601-603)ttgfs,p.L201fs,Frame_Shift_Del,DEL,A,-,-,NIBMG-M832-GB,ENST00000269305.4,-,6,791,NIBMG
esm12696,FAT1,2195,OSCC_GB,chr4,187532783,187532783,g.chr4:187532783G>A,chr4:187532783-187532783,c.9610C>T,c.(9610-9612)Caa>Taa,p.Q3204*,Nonsense_Mutation,SNP,G,A,-,NIBMG-Q595-GB,ENST00000441802.2,-,14,9819,NIBMG
esm12670,TP53,7157,OSCC_GB,chr17,7578406,7578406,g.chr17:7578406C>T,chr17:7578406-7578406,c.524G>A,c.(523-525)cGc>cAc,p.R175H,Missense_Mutation,SNP,C,T,rs28934578,NIBMG-Q595-GB,ENST00000269305.4,-,5,713,NIBMG
esm12622,NOTCH1,4851,OSCC_GB,chr9,139412297,139412297,g.chr9:139412297C>T,chr9:139412297-139412297,c.1348G>A,c.(1348-1350)Gag>Aag,p.E450K,Missense_Mutation,SNP,C,T,-,NIBMG-D489-GB,ENST00000277541.6,-,8,1423,NIBMG
esm12603,FAT1,2195,OSCC_GB,chr4,187630778,187630778,g.chr4:187630778C>T,chr4:187630778-187630778,c.204G>A,c.(202-204)tgG>tgA,p.W68*,Nonsense_Mutation,SNP,C,T,-,NIBMG-D489-GB,ENST00000441802.2,-,2,413,NIBMG
esm12594,TP53,7157,OSCC_GB,chr17,7574003,7574003,g.chr17:7574003G>A,chr17:7574003-7574003,c.1024C>T,c.(1024-1026)Cga>Tga,p.R342*,Nonsense_Mutation,SNP,G,A,-,NIBMG-D489-GB,ENST00000269305.4,-,10,1213,NIBMG
esm12534,TP53,7157,OSCC_GB,chr17,7578389,7578389,g.chr17:7578389G>A,chr17:7578389-7578389,c.541C>T,c.(541-543)Cgc>Tgc,p.R181C,Missense_Mutation,SNP,G,A,rs587782596,NIBMG-P838-GB,ENST00000269305.4,-,5,730,NIBMG
esm12533,TP53,7157,OSCC_GB,chr17,7577093,7577093,g.chr17:7577093C>T,chr17:7577093-7577093,c.845G>A,c.(844-846)cGg>cAg,p.R282Q,Missense_Mutation,SNP,C,T,-,NIBMG-P838-GB,ENST00000269305.4,-,8,1034,NIBMG
esm12497,TP53,7157,OSCC_GB,chr17,7577085,7577086,g.chr17:7577085_7577086insTGTGCGCCG,chr17:7577085-7577086,c.852_853insCGGCGCACA,c.(850-855)acagag>acaCGGCGCACA,p.283_284insTRR,In_Frame_Ins,INS,-,TGTGCGCCG,rs112431538,NIBMG-D711-GB,ENST00000269305.4,-,8,1041_1042,NIBMG
esm12312,FAT1,2195,OSCC_GB,chr4,187629967,187629967,g.chr4:187629967T>A,chr4:187629967-187629967,c.1015A>T,c.(1015-1017)Aaa>Taa,p.K339*,Nonsense_Mutation,SNP,T,A,-,NIBMG-S202-GB,ENST00000441802.2,-,2,1224,NIBMG
esm12311,FAT1,2195,OSCC_GB,chr4,187541367,187541367,g.chr4:187541367C>A,chr4:187541367-187541367,c.6373G>T,c.(6373-6375)Gaa>Taa,p.E2125*,Nonsense_Mutation,SNP,C,A,-,NIBMG-S202-GB,ENST00000441802.2,-,10,6582,NIBMG
esm12223,TP53,7157,OSCC_GB,chr17,7577121,7577121,g.chr17:7577121G>A,chr17:7577121-7577121,c.817C>T,c.(817-819)Cgt>Tgt,p.R273C,Missense_Mutation,SNP,G,A,rs121913343,NIBMG-J830-GB,ENST00000269305.4,-,8,1006,NIBMG
esm12202,FAT1,2195,OSCC_GB,chr4,187541586,187541586,g.chr4:187541586C>A,chr4:187541586-187541586,c.6154G>T,c.(6154-6156)Gaa>Taa,p.E2052*,Nonsense_Mutation,SNP,C,A,-,NIBMG-T839-GB,ENST00000441802.2,-,10,6363,NIBMG
esm12184,FAT1,2195,OSCC_GB,chr4,187525001,187525002,g.chr4:187525001_187525002insA,chr4:187525001-187525002,c.10678_10679insT,c.(10678-10680)tcafs,p.S3560fs,Frame_Shift_Ins,INS,-,A,-,NIBMG-O481-GB,ENST00000441802.2,-,19,10887_10888,NIBMG
esm12174,NOTCH1,4851,OSCC_GB,chr9,139399504,139399504,g.chr9:139399504G>A,chr9:139399504-139399504,c.4639C>T,c.(4639-4641)Cag>Tag,p.Q1547*,Nonsense_Mutation,SNP,G,A,-,NIBMG-O481-GB,ENST00000277541.6,-,26,4714,NIBMG
esm12120,TP53,7157,OSCC_GB,chr17,7577121,7577121,g.chr17:7577121G>A,chr17:7577121-7577121,c.817C>T,c.(817-819)Cgt>Tgt,p.R273C,Missense_Mutation,SNP,G,A,rs121913343,NIBMG-O481-GB,ENST00000269305.4,-,8,1006,NIBMG
esm11945,TP53,7157,OSCC_GB,chr17,7577144,7577146,g.chr17:7577144_7577146delAGT,chr17:7577144-7577146,c.792_794delACT,c.(790-795)ctactg>ctg,p.264_265LL>L,In_Frame_Del,DEL,AGT,-,-,NIBMG-O651-GB,ENST00000269305.4,-,8,981_983,NIBMG
esm11859,FAT1,2195,OSCC_GB,chr4,187584594,187584594,g.chr4:187584594C>A,chr4:187584594-187584594,c.3439G>T,c.(3439-3441)Gaa>Taa,p.E1147*,Nonsense_Mutation,SNP,C,A,-,NIBMG-Q273-GB,ENST00000441802.2,-,3,3648,NIBMG
esm11728,FAT1,2195,OSCC_GB,chr4,187542017,187542017,g.chr4:187542017G>T,chr4:187542017-187542017,c.5723C>A,c.(5722-5724)tCa>tAa,p.S1908*,Nonsense_Mutation,SNP,G,T,-,NIBMG-P481-GB,ENST00000441802.2,-,10,5932,NIBMG
esm11554,TP53,7157,OSCC_GB,chr17,7578457,7578457,g.chr17:7578457C>T,chr17:7578457-7578457,c.473G>A,c.(472-474)cGc>cAc,p.R158H,Missense_Mutation,SNP,C,T,rs587782144,NIBMG-Y005-GB,ENST00000269305.4,-,5,662,NIBMG
esm11509,FAT1,2195,OSCC_GB,chr4,187542357,187542357,g.chr4:187542357G>A,chr4:187542357-187542357,c.5383C>T,c.(5383-5385)Cga>Tga,p.R1795*,Nonsense_Mutation,SNP,G,A,-,NIBMG-W253-GB,ENST00000441802.2,-,10,5592,NIBMG
esm11502,TP53,7157,OSCC_GB,chr17,7578263,7578263,g.chr17:7578263G>A,chr17:7578263-7578263,c.586C>T,c.(586-588)Cga>Tga,p.R196*,Nonsense_Mutation,SNP,G,A,rs397516435,NIBMG-W253-GB,ENST00000269305.4,-,6,775,NIBMG
esm11413,TP53,7157,OSCC_GB,chr17,7577094,7577094,g.chr17:7577094G>A,chr17:7577094-7577094,c.844C>T,c.(844-846)Cgg>Tgg,p.R282W,Missense_Mutation,SNP,G,A,rs28934574,NIBMG-U837-GB,ENST00000269305.4,-,8,1033,NIBMG
esm11401,FAT1,2195,OSCC_GB,chr4,187540425,187540445,g.chr4:187540425_187540445delCAAAATGTTTATGATCATTGC,chr4:187540425-187540445,c.7295_7315delGCAATGATCATAAACA,c.(7294-7317)ggcaatgatcataaaca,p.GNDHKHF2432del,In_Frame_Del,DEL,CAAAATGTTTATGATCATTGC,-,rs183723851|rs368556204,NIBMG-N017-GB,ENST00000441802.2,-,10,7504_7524,NIBMG
esm11351,FAT1,2195,OSCC_GB,chr4,187538220,187538220,g.chr4:187538220G>C,chr4:187538220-187538220,c.9014C>G,c.(9013-9015)tCa>tGa,p.S3005*,Nonsense_Mutation,SNP,G,C,-,NIBMG-N017-GB,ENST00000441802.2,-,11,9223,NIBMG
esm11318,TP53,7157,OSCC_GB,chr17,7577094,7577094,g.chr17:7577094G>A,chr17:7577094-7577094,c.844C>T,c.(844-846)Cgg>Tgg,p.R282W,Missense_Mutation,SNP,G,A,rs28934574,NIBMG-N017-GB,ENST00000269305.4,-,8,1033,NIBMG
esm11246,FAT1,2195,OSCC_GB,chr4,187628173,187628173,g.chr4:187628173G>A,chr4:187628173-187628173,c.2809C>T,c.(2809-2811)Cga>Tga,p.R937*,Nonsense_Mutation,SNP,G,A,rs547340067,NIBMG-B034-GB,ENST00000441802.2,-,2,3018,NIBMG
esm11136,FAT1,2195,OSCC_GB,chr4,187540906,187540906,g.chr4:187540906A>G,chr4:187540906-187540906,c.6834T>C,c.(6832-6834)gaT>gaC,p.D2278D,Silent,SNP,A,G,-,NIBMG-Y207-GB,ENST00000441802.2,-,10,7043,NIBMG
esm10904,TP53,7157,OSCC_GB,chr17,7577538,7577538,g.chr17:7577538C>T,chr17:7577538-7577538,c.743G>A,c.(742-744)cGg>cAg,p.R248Q,Missense_Mutation,SNP,C,T,rs11540652,NIBMG-C253-GB,ENST00000269305.4,-,7,932,NIBMG
esm10847,FAT1,2195,OSCC_GB,chr4,187542800,187542801,g.chr4:187542800_187542801delAT,chr4:187542800-187542801,c.4939_4940delAT,c.(4939-4941)atgfs,p.M1647fs,Frame_Shift_Del,DEL,AT,-,-,NIBMG-X876-GB,ENST00000441802.2,-,10,5148_5149,NIBMG
esm10715,NOTCH1,4851,OSCC_GB,chr9,139396524,139396524,g.chr9:139396524delA,chr9:139396524-139396524,c.5401delT,c.(5401-5403)tcafs,p.S1801fs,Frame_Shift_Del,DEL,A,-,-,NIBMG-X635-GB,ENST00000277541.6,-,29,5476,NIBMG
esm10714,FAT1,2195,OSCC_GB,chr4,187628697,187628704,g.chr4:187628697_187628704delTCCTCATT,chr4:187628697-187628704,c.2278_2285delAATGAGGA,c.(2278-2286)aatgaggatfs,p.NED760fs,Frame_Shift_Del,DEL,TCCTCATT,-,rs371371201,NIBMG-X635-GB,ENST00000441802.2,-,2,2487_2494,NIBMG
esm10691,FAT1,2195,OSCC_GB,chr4,187541913,187541913,g.chr4:187541913G>A,chr4:187541913-187541913,c.5827C>T,c.(5827-5829)Cag>Tag,p.Q1943*,Nonsense_Mutation,SNP,G,A,-,NIBMG-X635-GB,ENST00000441802.2,-,10,6036,NIBMG
esm10589,TP53,7157,OSCC_GB,chr17,7578263,7578263,g.chr17:7578263G>A,chr17:7578263-7578263,c.586C>T,c.(586-588)Cga>Tga,p.R196*,Nonsense_Mutation,SNP,G,A,rs397516435,NIBMG-D806-GB,ENST00000269305.4,-,6,775,NIBMG
esm10309,TP53,7157,OSCC_GB,chr17,7574003,7574003,g.chr17:7574003G>A,chr17:7574003-7574003,c.1024C>T,c.(1024-1026)Cga>Tga,p.R342*,Nonsense_Mutation,SNP,G,A,-,NIBMG-X734-GB,ENST00000269305.4,-,10,1213,NIBMG
esm10119,TP53,7157,OSCC_GB,chr17,7577558,7577558,g.chr17:7577558delG,chr17:7577558-7577558,c.723delC,c.(721-723)tccfs,p.S241fs,Frame_Shift_Del,DEL,G,-,rs397516437,NIBMG-S985-GB,ENST00000269305.4,-,7,912,NIBMG
esm10003,TP53,7157,OSCC_GB,chr17,7577094,7577094,g.chr17:7577094G>A,chr17:7577094-7577094,c.844C>T,c.(844-846)Cgg>Tgg,p.R282W,Missense_Mutation,SNP,G,A,rs28934574,NIBMG-S010-GB,ENST00000269305.4,-,8,1033,NIBMG
esm9929,CASP8,841,OSCC_GB,chr2,202150039,202150039,g.chr2:202150039C>T,chr2:202150039-202150039,c.1480C>T,c.(1480-1482)Cga>Tga,p.R494*,Splice_Site,SNP,C,T,-,NIBMG-W904-GB,ENST00000358485.4,+,8,1676,NIBMG
esm9823,USP9X,8239,OSCC_GB,chrX,40996157,40996157,g.chrX:40996157A>G,chrX:40996157-40996157,c.536A>G,c.(535-537)aAt>aGt,p.N179S,Missense_Mutation,SNP,A,G,-,NIBMG-V479-GB,ENST00000378308.2,+,6,1169,NIBMG
esm9792,CSMD3,114788,OSCC_GB,chr8,113275917,113275917,g.chr8:113275917C>G,chr8:113275917-113275917,c.9813G>C,c.(9811-9813)ttG>ttC,p.L3271F,Missense_Mutation,SNP,C,G,-,NIBMG-V479-GB,ENST00000297405.5,-,61,10057,NIBMG
esm9645,CASP8,841,OSCC_GB,chr2,202149808,202149808,g.chr2:202149808C>G,chr2:202149808-202149808,c.1249C>G,c.(1249-1251)Cag>Gag,p.Q417E,Missense_Mutation,SNP,C,G,-,NIBMG-V479-GB,ENST00000358485.4,+,8,1445,NIBMG
esm9644,CASP8,841,OSCC_GB,chr2,202149568,202149568,g.chr2:202149568C>T,chr2:202149568-202149568,c.1009C>T,c.(1009-1011)Cat>Tat,p.H337Y,Missense_Mutation,SNP,C,T,-,NIBMG-V479-GB,ENST00000358485.4,+,8,1205,NIBMG
esm9462,KMT2D,8085,OSCC_GB,chr12,49420098,49420098,g.chr12:49420098C>G,chr12:49420098-49420098,c.15651G>C,c.(15649-15651)tgG>tgC,p.W5217C,Missense_Mutation,SNP,C,G,-,NIBMG-V479-GB,ENST00000301067.7,-,48,15650,NIBMG
esm9385,USP9X,8239,OSCC_GB,chrX,41077699,41077699,g.chrX:41077699A>G,chrX:41077699-41077699,c.6284A>G,c.(6283-6285)aAt>aGt,p.N2095S,Missense_Mutation,SNP,A,G,-,NIBMG-F316-GB,ENST00000378308.2,+,37,6917,NIBMG
esm9364,CASP8,841,OSCC_GB,chr2,202137484,202137484,g.chr2:202137484G>A,chr2:202137484-202137484,c.712G>A,c.(712-714)Gaa>Aaa,p.E238K,Missense_Mutation,SNP,G,A,-,NIBMG-F316-GB,ENST00000358485.4,+,4,908,NIBMG
esm18614,HRAS,3265,OSCC_GB,chr11,534289,534289,g.chr11:534289C>T,chr11:534289-534289,c.34G>A,c.(34-36)Ggc>Agc,p.G12S,Missense_Mutation,SNP,C,T,rs104894229,NIBMG-X240-GB,ENST00000451590.1,-,2,221,NIBMG
esm18569,PIK3CA,5290,OSCC_GB,chr3,178952072,178952072,g.chr3:178952072A>G,chr3:178952072-178952072,c.3127A>G,c.(3127-3129)Atg>Gtg,p.M1043V,Missense_Mutation,SNP,A,G,-,NIBMG-P453-GB,ENST00000263967.3,+,21,3284,NIBMG
esm18560,CASP8,841,OSCC_GB,chr2,202149643,202149643,g.chr2:202149643G>C,chr2:202149643-202149643,c.1084G>C,c.(1084-1086)Gac>Cac,p.D362H,Missense_Mutation,SNP,G,C,-,NIBMG-P453-GB,ENST00000358485.4,+,8,1280,NIBMG
esm18527,HRAS,3265,OSCC_GB,chr11,534289,534289,g.chr11:534289C>T,chr11:534289-534289,c.34G>A,c.(34-36)Ggc>Agc,p.G12S,Missense_Mutation,SNP,C,T,rs104894229,NIBMG-P453-GB,ENST00000451590.1,-,2,221,NIBMG
esm18485,CASP8,841,OSCC_GB,chr2,202131262,202131262,g.chr2:202131262A>T,chr2:202131262-202131262,c.230A>T,c.(229-231)gAt>gTt,p.D77V,Missense_Mutation,SNP,A,T,-,NIBMG-Q715-GB,ENST00000358485.4,+,2,426,NIBMG
esm18346,HRAS,3265,OSCC_GB,chr11,534288,534288,g.chr11:534288C>T,chr11:534288-534288,c.35G>A,c.(34-36)gGc>gAc,p.G12D,Missense_Mutation,SNP,C,T,rs104894230,NIBMG-T640-GB,ENST00000451590.1,-,2,222,NIBMG
esm18329,CSMD3,114788,OSCC_GB,chr8,113304884,113304884,g.chr8:113304884C>A,chr8:113304884-113304884,c.8670G>T,c.(8668-8670)ggG>ggT,p.G2890G,Silent,SNP,C,A,-,NIBMG-K245-GB,ENST00000297405.5,-,55,8914,NIBMG
esm18282,CASP8,841,OSCC_GB,chr2,202137430,202137431,g.chr2:202137430_202137431delAA,chr2:202137430-202137431,c.658_659delAA,c.(658-660)aaafs,p.K220fs,Frame_Shift_Del,DEL,AA,-,-,NIBMG-P214-GB,ENST00000358485.4,+,4,854_855,NIBMG
esm18252,PIK3CA,5290,OSCC_GB,chr3,178952090,178952090,g.chr3:178952090G>C,chr3:178952090-178952090,c.3145G>C,c.(3145-3147)Ggt>Cgt,p.G1049R,Missense_Mutation,SNP,G,C,rs121913277,NIBMG-P214-GB,ENST00000263967.3,+,21,3302,NIBMG
esm18028,PIK3CA,5290,OSCC_GB,chr3,178936082,178936082,g.chr3:178936082G>A,chr3:178936082-178936082,c.1624G>A,c.(1624-1626)Gaa>Aaa,p.E542K,Missense_Mutation,SNP,G,A,rs121913273,NIBMG-C788-GB,ENST00000263967.3,+,10,1781,NIBMG
esm17945,PIK3CA,5290,OSCC_GB,chr3,178928277,178928277,g.chr3:178928277A>T,chr3:178928277-178928277,c.1463A>T,c.(1462-1464)gAt>gTt,p.D488V,Missense_Mutation,SNP,A,T,-,NIBMG-F693-GB,ENST00000263967.3,+,9,1620,NIBMG
esm17889,KMT2D,8085,OSCC_GB,chr12,49445834,49445834,g.chr12:49445834G>A,chr12:49445834-49445834,c.1632C>T,c.(1630-1632)ccC>ccT,p.P544P,Silent,SNP,G,A,-,NIBMG-F693-GB,ENST00000301067.7,-,10,1631,NIBMG
esm17865,CDKN2A,1029,OSCC_GB,chr9,21971120,21971120,g.chr9:21971120G>A,chr9:21971120-21971120,c.85C>T,c.(85-87)Cga>Tga,p.R29*,Nonsense_Mutation,SNP,G,A,rs121913388,NIBMG-T190-GB,ENST00000479692.2,-,2,99,NIBMG
esm17708,CASP8,841,OSCC_GB,chr2,202136249,202136249,g.chr2:202136249T>G,chr2:202136249-202136249,c.493T>G,c.(493-495)Tat>Gat,p.Y165D,Missense_Mutation,SNP,T,G,-,NIBMG-A369-GB,ENST00000358485.4,+,3,689,NIBMG
esm17652,CASP8,841,OSCC_GB,chr2,202149953,202149960,g.chr2:202149953_202149960delTGAATAAC,chr2:202149953-202149960,c.1394_1401delTGAATAAC,c.(1393-1401)gtgaataacfs,p.VNN465fs,Frame_Shift_Del,DEL,TGAATAAC,-,-,NIBMG-N671-GB,ENST00000358485.4,+,8,1590_1597,NIBMG
esm17634,CASP8,841,OSCC_GB,chr2,202149962,202149962,g.chr2:202149962G>A,chr2:202149962-202149962,c.1403G>A,c.(1402-1404)tGt>tAt,p.C468Y,Missense_Mutation,SNP,G,A,-,NIBMG-N671-GB,ENST00000358485.4,+,8,1599,NIBMG
esm17606,CASP8,841,OSCC_GB,chr2,202136260,202136262,g.chr2:202136260_202136262delAGA,chr2:202136260-202136262,c.504_506delAGA,c.(502-507)tcagaa>tca,p.E170del,In_Frame_Del,DEL,AGA,-,-,NIBMG-Z979-GB,ENST00000358485.4,+,3,700_702,NIBMG
esm17570,PIK3CA,5290,OSCC_GB,chr3,178952085,178952085,g.chr3:178952085A>G,chr3:178952085-178952085,c.3140A>G,c.(3139-3141)cAt>cGt,p.H1047R,Missense_Mutation,SNP,A,G,rs121913279,NIBMG-Z979-GB,ENST00000263967.3,+,21,3297,NIBMG
esm17514,USP9X,8239,OSCC_GB,chrX,41000444,41000445,g.chrX:41000444_41000445insAT,chrX:41000444-41000445,c.996_997insAT,c.(997-999)atafs,p.I333fs,Frame_Shift_Ins,INS,-,AT,-,NIBMG-G378-GB,ENST00000378308.2,+,8,1629_1630,NIBMG
esm17488,CASP8,841,OSCC_GB,chr2,202150030,202150030,g.chr2:202150030C>T,chr2:202150030-202150030,c.1471C>T,c.(1471-1473)Cga>Tga,p.R491*,Nonsense_Mutation,SNP,C,T,-,NIBMG-G378-GB,ENST00000358485.4,+,8,1667,NIBMG
esm17411,HRAS,3265,OSCC_GB,chr11,534288,534288,g.chr11:534288C>G,chr11:534288-534288,c.35G>C,c.(34-36)gGc>gCc,p.G12A,Missense_Mutation,SNP,C,G,rs104894230,NIBMG-E544-GB,ENST00000451590.1,-,2,222,NIBMG
esm17271,CDKN2A,1029,OSCC_GB,chr9,21971120,21971120,g.chr9:21971120G>A,chr9:21971120-21971120,c.85C>T,c.(85-87)Cga>Tga,p.R29*,Nonsense_Mutation,SNP,G,A,rs121913388,NIBMG-T319-GB,ENST00000479692.2,-,2,99,NIBMG
esm17162,CASP8,841,OSCC_GB,chr2,202149917,202149917,g.chr2:202149917C>T,chr2:202149917-202149917,c.1358C>T,c.(1357-1359)cCg>cTg,p.P453L,Missense_Mutation,SNP,C,T,-,NIBMG-L997-GB,ENST00000358485.4,+,8,1554,NIBMG
esm17161,CASP8,841,OSCC_GB,chr2,202137393,202137393,g.chr2:202137393G>C,chr2:202137393-202137393,c.621G>C,c.(619-621)aaG>aaC,p.K207N,Missense_Mutation,SNP,G,C,-,NIBMG-L997-GB,ENST00000358485.4,+,4,817,NIBMG
esm17016,CASP8,841,OSCC_GB,chr2,202137482,202137482,g.chr2:202137482A>G,chr2:202137482-202137482,c.710A>G,c.(709-711)tAt>tGt,p.Y237C,Missense_Mutation,SNP,A,G,-,NIBMG-F730-GB,ENST00000358485.4,+,4,906,NIBMG
esm16799,CDKN2A,1029,OSCC_GB,chr9,21971120,21971120,g.chr9:21971120G>A,chr9:21971120-21971120,c.85C>T,c.(85-87)Cga>Tga,p.R29*,Nonsense_Mutation,SNP,G,A,rs121913388,NIBMG-V963-GB,ENST00000479692.2,-,2,99,NIBMG
esm16797,CASP8,841,OSCC_GB,chr2,202149961,202149962,g.chr2:202149961_202149962delTG,chr2:202149961-202149962,c.1402_1403delTG,c.(1402-1404)tgtfs,p.C468fs,Frame_Shift_Del,DEL,TG,-,-,NIBMG-V963-GB,ENST00000358485.4,+,8,1598_1599,NIBMG
esm16706,KMT2D,8085,OSCC_GB,chr12,49447424,49447424,g.chr12:49447424T>C,chr12:49447424-49447424,c.674A>G,c.(673-675)gAg>gGg,p.E225G,Splice_Site,SNP,T,C,-,NIBMG-V963-GB,ENST00000301067.7,-,6,673,NIBMG
esm16668,CSMD3,114788,OSCC_GB,chr8,113697859,113697859,g.chr8:113697859G>C,chr8:113697859-113697859,c.2258C>G,c.(2257-2259)tCt>tGt,p.S753C,Missense_Mutation,SNP,G,C,-,NIBMG-Z326-GB,ENST00000297405.5,-,15,2502,NIBMG
esm16650,PIK3CA,5290,OSCC_GB,chr3,178936091,178936091,g.chr3:178936091G>A,chr3:178936091-178936091,c.1633G>A,c.(1633-1635)Gag>Aag,p.E545K,Missense_Mutation,SNP,G,A,rs104886003,NIBMG-Z326-GB,ENST00000263967.3,+,10,1790,NIBMG
esm16645,CASP8,841,OSCC_GB,chr2,202137474,202137474,g.chr2:202137474C>G,chr2:202137474-202137474,c.702C>G,c.(700-702)atC>atG,p.I234M,Missense_Mutation,SNP,C,G,-,NIBMG-Z326-GB,ENST00000358485.4,+,4,898,NIBMG
esm16498,CASP8,841,OSCC_GB,chr2,202137660,202137660,g.chr2:202137660C>G,chr2:202137660-202137660,c.767C>G,c.(766-768)tCa>tGa,p.S256*,Nonsense_Mutation,SNP,C,G,-,NIBMG-Y365-GB,ENST00000358485.4,+,5,963,NIBMG
esm16274,CASP8,841,OSCC_GB,chr2,202149956,202149957,g.chr2:202149956_202149957insTAAC,chr2:202149956-202149957,c.1397_1398insTAAC,c.(1396-1401)aataacfs,p.-467fs,Frame_Shift_Ins,INS,-,TAAC,-,NIBMG-J817-GB,ENST00000358485.4,+,8,1593_1594,NIBMG
esm16095,CDKN2A,1029,OSCC_GB,chr9,21971028,21971028,g.chr9:21971028C>T,chr9:21971028-21971028,c.177G>A,c.(175-177)tgG>tgA,p.W59*,Nonsense_Mutation,SNP,C,T,rs121913389,NIBMG-U346-GB,ENST00000479692.2,-,2,191,NIBMG
esm16039,CASP8,841,OSCC_GB,chr2,202141587,202141587,g.chr2:202141587G>A,chr2:202141587-202141587,c.875G>A,c.(874-876)cGg>cAg,p.R292Q,Missense_Mutation,SNP,G,A,-,NIBMG-U346-GB,ENST00000358485.4,+,7,1071,NIBMG
esm15927,CASP8,841,OSCC_GB,chr2,202137430,202137431,g.chr2:202137430_202137431delAA,chr2:202137430-202137431,c.658_659delAA,c.(658-660)aaafs,p.K220fs,Frame_Shift_Del,DEL,AA,-,-,NIBMG-Y171-GB,ENST00000358485.4,+,4,854_855,NIBMG
esm15806,CASP8,841,OSCC_GB,chr2,202131411,202131411,g.chr2:202131411C>T,chr2:202131411-202131411,c.379C>T,c.(379-381)Cga>Tga,p.R127*,Nonsense_Mutation,SNP,C,T,-,NIBMG-N917-GB,ENST00000358485.4,+,2,575,NIBMG
esm15635,PIK3CA,5290,OSCC_GB,chr3,178936094,178936094,g.chr3:178936094C>A,chr3:178936094-178936094,c.1636C>A,c.(1636-1638)Cag>Aag,p.Q546K,Missense_Mutation,SNP,C,A,rs121913286,NIBMG-C151-GB,ENST00000263967.3,+,10,1793,NIBMG
esm15516,CSMD3,114788,OSCC_GB,chr8,113702187,113702187,g.chr8:113702187C>T,chr8:113702187-113702187,c.2065G>A,c.(2065-2067)Gaa>Aaa,p.E689K,Missense_Mutation,SNP,C,T,-,NIBMG-Q441-GB,ENST00000297405.5,-,14,2309,NIBMG
esm15495,PIK3CA,5290,OSCC_GB,chr3,178936091,178936091,g.chr3:178936091G>A,chr3:178936091-178936091,c.1633G>A,c.(1633-1635)Gag>Aag,p.E545K,Missense_Mutation,SNP,G,A,rs104886003,NIBMG-Q441-GB,ENST00000263967.3,+,10,1790,NIBMG
esm15371,HRAS,3265,OSCC_GB,chr11,534289,534289,g.chr11:534289C>T,chr11:534289-534289,c.34G>A,c.(34-36)Ggc>Agc,p.G12S,Missense_Mutation,SNP,C,T,rs104894229,NIBMG-F820-GB,ENST00000451590.1,-,2,221,NIBMG
esm15365,CDKN2A,1029,OSCC_GB,chr9,21971120,21971120,g.chr9:21971120G>A,chr9:21971120-21971120,c.85C>T,c.(85-87)Cga>Tga,p.R29*,Nonsense_Mutation,SNP,G,A,rs121913388,NIBMG-I523-GB,ENST00000479692.2,-,2,99,NIBMG
esm15306,CASP8,841,OSCC_GB,chr2,202141586,202141586,g.chr2:202141586C>T,chr2:202141586-202141586,c.874C>T,c.(874-876)Cgg>Tgg,p.R292W,Missense_Mutation,SNP,C,T,-,NIBMG-I523-GB,ENST00000358485.4,+,7,1070,NIBMG
esm15151,USP9X,8239,OSCC_GB,chrX,41026737,41026738,g.chrX:41026737_41026738delCG,chrX:41026737-41026738,c.2331_2332delCG,c.(2329-2334)gtcgtgfs,p.VV777fs,Frame_Shift_Del,DEL,CG,-,-,NIBMG-A511-GB,ENST00000378308.2,+,17,2964_2965,NIBMG
esm15085,CASP8,841,OSCC_GB,chr2,202149808,202149808,g.chr2:202149808C>T,chr2:202149808-202149808,c.1249C>T,c.(1249-1251)Cag>Tag,p.Q417*,Nonsense_Mutation,SNP,C,T,-,NIBMG-D014-GB,ENST00000358485.4,+,8,1445,NIBMG
esm15069,KMT2D,8085,OSCC_GB,chr12,49419968,49419968,g.chr12:49419968G>A,chr12:49419968-49419968,c.15781C>T,c.(15781-15783)Cag>Tag,p.Q5261*,Nonsense_Mutation,SNP,G,A,-,NIBMG-D014-GB,ENST00000301067.7,-,48,15780,NIBMG
esm15023,CASP8,841,OSCC_GB,chr2,202150039,202150039,g.chr2:202150039C>T,chr2:202150039-202150039,c.1480C>T,c.(1480-1482)Cga>Tga,p.R494*,Splice_Site,SNP,C,T,-,NIBMG-X817-GB,ENST00000358485.4,+,8,1676,NIBMG
esm15022,CASP8,841,OSCC_GB,chr2,202150030,202150030,g.chr2:202150030C>T,chr2:202150030-202150030,c.1471C>T,c.(1471-1473)Cga>Tga,p.R491*,Nonsense_Mutation,SNP,C,T,-,NIBMG-X817-GB,ENST00000358485.4,+,8,1667,NIBMG
esm14719,CASP8,841,OSCC_GB,chr2,202137433,202137434,g.chr2:202137433_202137434delAG,chr2:202137433-202137434,c.661_662delAG,c.(661-663)agafs,p.R221fs,Frame_Shift_Del,DEL,AG,-,-,NIBMG-S975-GB,ENST00000358485.4,+,4,857_858,NIBMG
esm14362,KMT2D,8085,OSCC_GB,chr12,49420432,49420432,g.chr12:49420432C>T,chr12:49420432-49420432,c.15317G>A,c.(15316-15318)cGc>cAc,p.R5106H,Missense_Mutation,SNP,C,T,rs587778486,NIBMG-U579-GB,ENST00000301067.7,-,48,15316,NIBMG
esm14345,CSMD3,114788,OSCC_GB,chr8,114111035,114111035,g.chr8:114111035T>A,chr8:114111035-114111035,c.867A>T,c.(865-867)gaA>gaT,p.E289D,Missense_Mutation,SNP,T,A,rs191801623,NIBMG-I085-GB,ENST00000297405.5,-,5,1111,NIBMG
esm14194,CASP8,841,OSCC_GB,chr2,202149917,202149917,g.chr2:202149917C>T,chr2:202149917-202149917,c.1358C>T,c.(1357-1359)cCg>cTg,p.P453L,Missense_Mutation,SNP,C,T,-,NIBMG-A543-GB,ENST00000358485.4,+,8,1554,NIBMG
esm14035,CDKN2A,1029,OSCC_GB,chr9,21971028,21971028,g.chr9:21971028C>T,chr9:21971028-21971028,c.177G>A,c.(175-177)tgG>tgA,p.W59*,Nonsense_Mutation,SNP,C,T,rs121913389,NIBMG-C761-GB,ENST00000479692.2,-,2,191,NIBMG
esm13971,CSMD3,114788,OSCC_GB,chr8,113966989,113966989,g.chr8:113966989C>T,chr8:113966989-113966989,c.1344G>A,c.(1342-1344)gtG>gtA,p.V448V,Splice_Site,SNP,C,T,-,NIBMG-C761-GB,ENST00000297405.5,-,8,1588,NIBMG
esm13970,CSMD3,114788,OSCC_GB,chr8,113702234,113702234,g.chr8:113702234C>T,chr8:113702234-113702234,c.2018G>A,c.(2017-2019)gGa>gAa,p.G673E,Missense_Mutation,SNP,C,T,-,NIBMG-C761-GB,ENST00000297405.5,-,14,2262,NIBMG
esm13969,CSMD3,114788,OSCC_GB,chr8,113651033,113651033,g.chr8:113651033C>T,chr8:113651033-113651033,c.3418G>A,c.(3418-3420)Gat>Aat,p.D1140N,Missense_Mutation,SNP,C,T,-,NIBMG-C761-GB,ENST00000297405.5,-,21,3662,NIBMG
esm13968,CSMD3,114788,OSCC_GB,chr8,113293492,113293492,g.chr8:113293492G>A,chr8:113293492-113293492,c.9419C>T,c.(9418-9420)tCc>tTc,p.S3140F,Missense_Mutation,SNP,G,A,-,NIBMG-C761-GB,ENST00000297405.5,-,59,9663,NIBMG
esm13164,KMT2D,8085,OSCC_GB,chr12,49444938,49444938,g.chr12:49444938G>A,chr12:49444938-49444938,c.2528C>T,c.(2527-2529)tCc>tTc,p.S843F,Missense_Mutation,SNP,G,A,-,NIBMG-C761-GB,ENST00000301067.7,-,10,2527,NIBMG
esm13163,KMT2D,8085,OSCC_GB,chr12,49444937,49444937,g.chr12:49444937G>A,chr12:49444937-49444937,c.2529C>T,c.(2527-2529)tcC>tcT,p.S843S,Silent,SNP,G,A,-,NIBMG-C761-GB,ENST00000301067.7,-,10,2528,NIBMG
esm13022,HRAS,3265,OSCC_GB,chr11,534285,534285,g.chr11:534285C>T,chr11:534285-534285,c.38G>A,c.(37-39)gGt>gAt,p.G13D,Missense_Mutation,SNP,C,T,rs104894226,NIBMG-C761-GB,ENST00000451590.1,-,2,225,NIBMG
esm12887,CSMD3,114788,OSCC_GB,chr8,113318236,113318236,g.chr8:113318236C>T,chr8:113318236-113318236,c.8071G>A,c.(8071-8073)Gtt>Att,p.V2691I,Splice_Site,SNP,C,T,-,NIBMG-V698-GB,ENST00000297405.5,-,51,8315,NIBMG
esm12866,CASP8,841,OSCC_GB,chr2,202131283,202131283,g.chr2:202131283T>C,chr2:202131283-202131283,c.251T>C,c.(250-252)cTg>cCg,p.L84P,Missense_Mutation,SNP,T,C,-,NIBMG-V698-GB,ENST00000358485.4,+,2,447,NIBMG
esm12865,CASP8,841,OSCC_GB,chr2,202131264,202131264,g.chr2:202131264C>G,chr2:202131264-202131264,c.232C>G,c.(232-234)Ctg>Gtg,p.L78V,Missense_Mutation,SNP,C,G,-,NIBMG-V698-GB,ENST00000358485.4,+,2,428,NIBMG
esm12832,HRAS,3265,OSCC_GB,chr11,534286,534286,g.chr11:534286C>G,chr11:534286-534286,c.37G>C,c.(37-39)Ggt>Cgt,p.G13R,Missense_Mutation,SNP,C,G,rs104894228,NIBMG-V698-GB,ENST00000451590.1,-,2,224,NIBMG
esm12788,PIK3CA,5290,OSCC_GB,chr3,178936094,178936094,g.chr3:178936094C>G,chr3:178936094-178936094,c.1636C>G,c.(1636-1638)Cag>Gag,p.Q546E,Missense_Mutation,SNP,C,G,rs121913286,NIBMG-M832-GB,ENST00000263967.3,+,10,1793,NIBMG
esm12787,PIK3CA,5290,OSCC_GB,chr3,178921566,178921566,g.chr3:178921566G>A,chr3:178921566-178921566,c.1048G>A,c.(1048-1050)Gac>Aac,p.D350N,Missense_Mutation,SNP,G,A,-,NIBMG-M832-GB,ENST00000263967.3,+,5,1205,NIBMG
esm12631,CASP8,841,OSCC_GB,chr2,202149683,202149683,g.chr2:202149683delC,chr2:202149683-202149683,c.1124delC,c.(1123-1125)tccfs,p.S375fs,Frame_Shift_Del,DEL,C,-,-,NIBMG-D489-GB,ENST00000358485.4,+,8,1320,NIBMG
esm12498,CASP8,841,OSCC_GB,chr2,202131267,202131285,g.chr2:202131267_202131285delGCCTCCCTCAAGTTCCTGA,chr2:202131267-202131285,c.235_253delGCCTCCCTCAAGTTCCTG,c.(235-255)gcctccctcaagttcctga,p.ASLKFLS79fs,Frame_Shift_Del,DEL,GCCTCCCTCAAGTTCCTGA,-,-,NIBMG-D711-GB,ENST00000358485.4,+,2,431_449,NIBMG
esm12434,CASP8,841,OSCC_GB,chr2,202141586,202141586,g.chr2:202141586C>T,chr2:202141586-202141586,c.874C>T,c.(874-876)Cgg>Tgg,p.R292W,Missense_Mutation,SNP,C,T,-,NIBMG-D711-GB,ENST00000358485.4,+,7,1070,NIBMG
esm12298,CASP8,841,OSCC_GB,chr2,202149973,202149973,g.chr2:202149973C>T,chr2:202149973-202149973,c.1414C>T,c.(1414-1416)Cga>Tga,p.R472*,Nonsense_Mutation,SNP,C,T,-,NIBMG-S202-GB,ENST00000358485.4,+,8,1610,NIBMG
esm12233,CASP8,841,OSCC_GB,chr2,202131292,202131292,g.chr2:202131292A>G,chr2:202131292-202131292,c.260A>G,c.(259-261)gAc>gGc,p.D87G,Missense_Mutation,SNP,A,G,-,NIBMG-J830-GB,ENST00000358485.4,+,2,456,NIBMG
esm12135,CASP8,841,OSCC_GB,chr2,202149778,202149778,g.chr2:202149778C>T,chr2:202149778-202149778,c.1219C>T,c.(1219-1221)Ctt>Ttt,p.L407F,Missense_Mutation,SNP,C,T,-,NIBMG-O481-GB,ENST00000358485.4,+,8,1415,NIBMG
esm12029,PIK3CA,5290,OSCC_GB,chr3,178936091,178936091,g.chr3:178936091G>A,chr3:178936091-178936091,c.1633G>A,c.(1633-1635)Gag>Aag,p.E545K,Missense_Mutation,SNP,G,A,rs104886003,NIBMG-L819-GB,ENST00000263967.3,+,10,1790,NIBMG
esm11944,USP9X,8239,OSCC_GB,chrX,41056704,41056704,g.chrX:41056704C>T,chrX:41056704-41056704,c.4321C>T,c.(4321-4323)Caa>Taa,p.Q1441*,Nonsense_Mutation,SNP,C,T,-,NIBMG-O651-GB,ENST00000378308.2,+,29,4954,NIBMG
esm11884,USP9X,8239,OSCC_GB,chrX,41069808,41069808,g.chrX:41069808G>A,chrX:41069808-41069808,c.5062G>A,c.(5062-5064)Gaa>Aaa,p.E1688K,Missense_Mutation,SNP,G,A,-,NIBMG-Q273-GB,ENST00000378308.2,+,33,5695,NIBMG
esm11840,CASP8,841,OSCC_GB,chr2,202149917,202149917,g.chr2:202149917C>T,chr2:202149917-202149917,c.1358C>T,c.(1357-1359)cCg>cTg,p.P453L,Missense_Mutation,SNP,C,T,-,NIBMG-Q273-GB,ENST00000358485.4,+,8,1554,NIBMG
esm11765,CASP8,841,OSCC_GB,chr2,202139643,202139643,g.chr2:202139643G>A,chr2:202139643-202139643,c.804G>A,c.(802-804)tcG>tcA,p.S268S,Silent,SNP,G,A,-,NIBMG-M387-GB,ENST00000358485.4,+,6,1000,NIBMG
esm11752,CASP8,841,OSCC_GB,chr2,202137430,202137431,g.chr2:202137430_202137431delAA,chr2:202137430-202137431,c.658_659delAA,c.(658-660)aaafs,p.K220fs,Frame_Shift_Del,DEL,AA,-,-,NIBMG-P481-GB,ENST00000358485.4,+,4,854_855,NIBMG
esm11686,HRAS,3265,OSCC_GB,chr11,534288,534288,g.chr11:534288C>T,chr11:534288-534288,c.35G>A,c.(34-36)gGc>gAc,p.G12D,Missense_Mutation,SNP,C,T,rs104894230,NIBMG-P481-GB,ENST00000451590.1,-,2,222,NIBMG
esm11636,CASP8,841,OSCC_GB,chr2,202131351,202131351,g.chr2:202131351C>G,chr2:202131351-202131351,c.319C>G,c.(319-321)Ctc>Gtc,p.L107V,Missense_Mutation,SNP,C,G,-,NIBMG-J688-GB,ENST00000358485.4,+,2,515,NIBMG
esm11485,CASP8,841,OSCC_GB,chr2,202149818,202149819,g.chr2:202149818_202149819delAG,chr2:202149818-202149819,c.1259_1260delAG,c.(1258-1260)cagfs,p.Q420fs,Frame_Shift_Del,DEL,AG,-,-,NIBMG-D314-GB,ENST00000358485.4,+,8,1455_1456,NIBMG
esm11465,PIK3CA,5290,OSCC_GB,chr3,178952085,178952085,g.chr3:178952085A>G,chr3:178952085-178952085,c.3140A>G,c.(3139-3141)cAt>cGt,p.H1047R,Missense_Mutation,SNP,A,G,rs121913279,NIBMG-D314-GB,ENST00000263967.3,+,21,3297,NIBMG
esm11440,HRAS,3265,OSCC_GB,chr11,533875,533875,g.chr11:533875G>T,chr11:533875-533875,c.181C>A,c.(181-183)Cag>Aag,p.Q61K,Missense_Mutation,SNP,G,T,rs28933406,NIBMG-D314-GB,ENST00000451590.1,-,3,368,NIBMG
esm11262,CASP8,841,OSCC_GB,chr2,202137381,202137382,g.chr2:202137381_202137382delAG,chr2:202137381-202137382,c.609_610delAG,c.(607-612)atagagfs,p.E204fs,Frame_Shift_Del,DEL,AG,-,rs149933993,NIBMG-B034-GB,ENST00000358485.4,+,4,805_806,NIBMG
esm11186,KMT2D,8085,OSCC_GB,chr12,49443667,49443667,g.chr12:49443667delC,chr12:49443667-49443667,c.3704delG,c.(3703-3705)ggtfs,p.G1236fs,Frame_Shift_Del,DEL,C,-,-,NIBMG-Y207-GB,ENST00000301067.7,-,11,3703,NIBMG
esm10996,USP9X,8239,OSCC_GB,chrX,41060534,41060534,g.chrX:41060534G>A,chrX:41060534-41060534,-,-,-,Splice_Site,SNP,G,A,-,NIBMG-C253-GB,ENST00000378308.2,+,31,5457,NIBMG
esm10933,CASP8,841,OSCC_GB,chr2,202141586,202141586,g.chr2:202141586C>T,chr2:202141586-202141586,c.874C>T,c.(874-876)Cgg>Tgg,p.R292W,Missense_Mutation,SNP,C,T,-,NIBMG-C253-GB,ENST00000358485.4,+,7,1070,NIBMG
esm10782,CASP8,841,OSCC_GB,chr2,202131410,202131410,g.chr2:202131410C>A,chr2:202131410-202131410,c.378C>A,c.(376-378)ttC>ttA,p.F126L,Missense_Mutation,SNP,C,A,-,NIBMG-X876-GB,ENST00000358485.4,+,2,574,NIBMG
esm10712,CASP8,841,OSCC_GB,chr2,202149961,202149962,g.chr2:202149961_202149962delTG,chr2:202149961-202149962,c.1402_1403delTG,c.(1402-1404)tgtfs,p.C468fs,Frame_Shift_Del,DEL,TG,-,-,NIBMG-X635-GB,ENST00000358485.4,+,8,1598_1599,NIBMG
esm10708,KMT2D,8085,OSCC_GB,chr12,49420806,49420806,g.chr12:49420806delT,chr12:49420806-49420806,c.14943delA,c.(14941-14943)aaafs,p.K4981fs,Frame_Shift_Del,DEL,T,-,-,NIBMG-X635-GB,ENST00000301067.7,-,48,14942,NIBMG
esm10685,PIK3CA,5290,OSCC_GB,chr3,178916725,178916725,g.chr3:178916725C>T,chr3:178916725-178916725,c.112C>T,c.(112-114)Cgt>Tgt,p.R38C,Missense_Mutation,SNP,C,T,-,NIBMG-X635-GB,ENST00000263967.3,+,2,269,NIBMG
esm10634,KMT2D,8085,OSCC_GB,chr12,49425230,49425230,g.chr12:49425230G>A,chr12:49425230-49425230,c.13258C>T,c.(13258-13260)Cgg>Tgg,p.R4420W,Missense_Mutation,SNP,G,A,rs199797812,NIBMG-X635-GB,ENST00000301067.7,-,39,13257,NIBMG
esm10599,CASP8,841,OSCC_GB,chr2,202150039,202150039,g.chr2:202150039C>T,chr2:202150039-202150039,c.1480C>T,c.(1480-1482)Cga>Tga,p.R494*,Splice_Site,SNP,C,T,-,NIBMG-D806-GB,ENST00000358485.4,+,8,1676,NIBMG
esm10018,PIK3CA,5290,OSCC_GB,chr3,178952085,178952085,g.chr3:178952085A>T,chr3:178952085-178952085,c.3140A>T,c.(3139-3141)cAt>cTt,p.H1047L,Missense_Mutation,SNP,A,T,rs121913279,NIBMG-S010-GB,ENST00000263967.3,+,21,3297,NIBMG
